feature,importance
Region_East,0.533460241312833
Region_South,0.45285048476854983
Category_Technology,0.4183332528008169
Sub-Category_Chairs,0.40482071975386513
Sub-Category_Furnishings,0.38998593214497723
Sub-Category_Storage,0.32417283837250516
Segment_Home Office,0.3092209925769257
Sub-Category_Paper,0.28879041004170114
Discount,0.26482684004082896
Sub-Category_Art,0.25272508124206755
